,Actual,Predicted
0,20.0,26.9480091333
1,15.0,20.0374799967
2,26.9480091333,27.2145402431
3,20.0374799967,24.4725358486
4,27.2145402431,24.4047671556
5,24.4725358486,25.5921810865
6,24.4047671556,26.954305172
7,15.0,25.8476614952
8,23.0,25.6232213974
9,25.8476614952,26.5704739094
10,25.6232213974,23.7505781651
11,26.5704739094,25.1120817661
12,23.7505781651,19.5548808575
13,25.1120817661,24.9742180109
14,23.0,25.0093942881
15,24.0,25.2869510651
16,25.0093942881,26.3384020329
17,25.2869510651,23.1732344627
18,26.3384020329,24.1283547878
19,23.1732344627,24.5330089331
20,24.1283547878,21.9426172972
21,24.0,25.3876268864
22,37.0,26.1737805605
23,25.3876268864,23.8941711187
24,26.1737805605,24.0874010324
25,23.8941711187,23.2464194298
26,24.0874010324,25.7020479441
27,23.2464194298,23.889298439
28,37.0,24.9513477087
29,33.0,25.2477800846
30,24.9513477087,25.9469336271
31,25.2477800846,23.2124054432
32,25.9469336271,21.8720000982
33,23.2124054432,26.040828824
34,21.8720000982,21.4670902491
35,33.0,24.0958696604
36,51.0,24.848061204
37,24.0958696604,24.8529142141
38,24.848061204,23.0208903551
39,24.8529142141,27.4951708317
40,23.0208903551,26.1569362879
41,27.4951708317,27.0320105553
42,51.0,23.9476615191
43,37.0,24.8562097549
44,23.9476615191,26.9758021832
45,24.8562097549,25.5292099714
46,26.9758021832,22.4393713474
47,25.5292099714,24.2898273468
48,22.4393713474,25.8547174931
49,37.0,25.4812824726
50,20.0,27.2414982319
51,25.4812824726,26.042869091
52,27.2414982319,23.3254516125
53,26.042869091,26.7646372318
54,23.3254516125,22.492954731
55,26.7646372318,24.9354690313
56,20.0,27.8150653839
57,35.0,24.5252037048
58,27.8150653839,26.1775875092
59,24.5252037048,26.514120698
60,26.1775875092,25.6221467257
61,26.514120698,23.8758784533
62,25.6221467257,26.4624863863
63,35.0,24.342854619
64,23.0,25.9833812714
65,24.342854619,25.4328274727
66,25.9833812714,22.4353784323
67,25.4328274727,25.707437396
68,22.4353784323,25.3504407406
69,25.707437396,25.8907645941
70,23.0,27.5823783875
71,38.0,24.8809111118
72,27.5823783875,26.5375828743
73,24.8809111118,28.007133007
74,26.5375828743,24.6161949635
75,28.007133007,29.7349995375
76,24.6161949635,23.8012826443
77,38.0,26.619887352
78,22.0,26.7670154572
79,26.619887352,24.9743771553
80,26.7670154572,25.8320492506
81,24.9743771553,26.7305892706
82,25.8320492506,27.9151976109
83,26.7305892706,26.2674665451
84,22.0,25.8441638947
85,21.0,25.4762417078
86,25.8441638947,27.0190680027
87,25.4762417078,26.9005984068
88,27.0190680027,24.1930013895
89,26.9005984068,24.0005385876
90,24.1930013895,22.9173159599
91,21.0,23.6600643396
92,30.0,27.7617931366
93,23.6600643396,24.6497136354
94,27.7617931366,24.118899107
95,24.6497136354,26.8285542727
96,24.118899107,24.0739452839
97,26.8285542727,25.3112715483
98,30.0,24.9225372076
99,33.0,27.0729768276
100,24.9225372076,25.0541692972
101,27.0729768276,29.0409421921
102,25.0541692972,26.0133987665
103,29.0409421921,27.3720431328
104,26.0133987665,21.8565648794
105,33.0,26.7112004757
106,25.0,24.7222602367
107,26.7112004757,27.4584728479
108,24.7222602367,24.8189985752
109,27.4584728479,27.3657506704
110,24.8189985752,26.2863600254
111,27.3657506704,25.7203531265
112,25.0,29.408184886
113,27.0,26.9757145643
114,29.408184886,26.8609178066
115,26.9757145643,25.126953721
116,26.8609178066,27.5584942102
117,25.126953721,24.3237608671
118,27.5584942102,24.1505098343
119,27.0,28.731225729
120,20.0,26.5804642439
121,28.731225729,23.3197402954
122,26.5804642439,27.1188908815
123,23.3197402954,25.3270697594
124,27.1188908815,24.6477681398
125,25.3270697594,26.8599253893
126,20.0,26.3114690781
127,22.0,23.1997472048
128,26.3114690781,22.8078424931
129,23.1997472048,20.5349653959
130,22.8078424931,23.899769783
131,20.5349653959,23.9807921648
132,23.899769783,22.1907234192
133,22.0,26.3075137138
134,21.0,24.9936014414
135,26.3075137138,25.6807118654
136,24.9936014414,22.2920429707
137,25.6807118654,23.0248278379
138,22.2920429707,23.8156807423
139,23.0248278379,23.1036883593
140,21.0,27.8181302547
141,35.0,26.286508441
142,27.8181302547,22.1173238754
143,26.286508441,25.3333336115
144,22.1173238754,25.2741068602
145,25.3333336115,24.8881620169
146,25.2741068602,23.4936708212
147,35.0,22.9138988256
148,31.0,23.6210399866
149,22.9138988256,24.8225498199
150,23.6210399866,25.6880307198
151,24.8225498199,22.6775586605
152,25.6880307198,24.0677261353
153,22.6775586605,20.8766233921
154,31.0,21.3085198402
155,22.0,23.9823782444
156,21.3085198402,26.2723124027
157,23.9823782444,26.4168834686
158,26.2723124027,24.4538801908
159,26.4168834686,23.1491589546
160,24.4538801908,24.3526679277
161,22.0,23.4086662531
162,24.0,19.8655772209
163,23.4086662531,22.5653940439
164,19.8655772209,24.3598544598
165,22.5653940439,25.0066262484
166,24.3598544598,24.8523688316
167,25.0066262484,24.1784495115
168,24.0,20.4349601269
169,22.0,25.650408268
170,20.4349601269,26.2287157774
171,25.650408268,22.2573298216
172,26.2287157774,22.3848062754
173,22.2573298216,23.5036611557
174,22.3848062754,22.0029848814
175,22.0,23.8842737675
176,19.0,25.1719003916
177,23.8842737675,22.500128746
178,25.1719003916,21.0713249445
179,22.500128746,22.0050644875
180,21.0713249445,23.9024662971
181,22.0050644875,22.3346185684
182,19.0,25.7753652334
183,34.0,23.5030925274
184,25.7753652334,23.2560002804
185,23.5030925274,24.4096291065
186,23.2560002804,22.5971442461
187,24.4096291065,22.7224785089
188,22.5971442461,22.9666829109
189,34.0,20.0298982859
190,38.0,22.196624279
191,20.0298982859,22.9627293348
192,22.196624279,23.9297497272
193,22.9627293348,22.09420681
194,23.9297497272,24.4879049063
195,22.09420681,22.638900876
196,38.0,22.8373217583
197,23.0,22.8629261255
198,22.8373217583,26.0800766945
199,22.8629261255,18.9543521404
200,26.0800766945,23.2431507111
201,18.9543521404,23.0637395382
202,23.2431507111,26.5489590168
203,23.0,22.766726017
204,26.0,21.7303097248
205,22.766726017,22.9305356741
206,21.7303097248,22.0275521278
207,22.9305356741,25.6387710571
208,22.0275521278,20.5527341366
209,25.6387710571,25.0445723534
210,26.0,22.5389528275
211,33.0,23.0986368656
212,22.5389528275,22.5689506531
213,23.0986368656,21.5965139866
214,22.5689506531,25.6038576365
215,21.5965139866,26.784490943
216,25.6038576365,23.0808717012
217,33.0,23.5495215654
218,21.0,24.5444726944
219,23.5495215654,25.7860708237
220,24.5444726944,24.6985942125
221,25.7860708237,23.5954195261
222,24.6985942125,25.1810646057
223,23.5954195261,23.794387579
224,21.0,23.3741569519
225,25.0,23.1354689598
226,23.3741569519,24.0770620108
227,23.1354689598,25.0373786688
228,24.0770620108,24.7857481241
229,25.0373786688,23.1865632534
230,24.7857481241,23.8662421703
231,25.0,25.1155811548
232,30.0,26.099678278
233,25.1155811548,23.1999796629
234,26.099678278,26.6339582205
235,23.1999796629,22.6393800974
236,26.6339582205,24.0592360497
237,22.6393800974,24.4023942947
238,30.0,24.4214200974
239,36.0,21.9477778673
240,24.4214200974,23.8587033749
241,21.9477778673,23.5309374332
242,23.8587033749,24.2825031281
243,23.5309374332,23.3014833927
244,24.2825031281,25.740121007
245,36.0,24.3317574263
246,22.0,23.1636196375
247,24.3317574263,26.1396217346
248,23.1636196375,24.8769199848
249,26.1396217346,26.8442094326
250,24.8769199848,25.2607887983
251,26.8442094326,26.926857233
252,22.0,21.7568653822
253,22.0,25.3377717733
254,21.7568653822,22.1737790108
255,25.3377717733,24.3282687664
256,22.1737790108,24.7033059597
257,24.3282687664,22.9963374138
258,24.7033059597,24.3905460835
259,22.0,24.9225318432
260,26.0,25.4699027538
261,24.9225318432,26.3014018536
262,25.4699027538,23.4623605013
263,26.3014018536,25.387532115
264,23.4623605013,23.4764420986
265,25.387532115,22.7184569836
266,26.0,22.694311738
267,20.0,25.4755264521
268,22.694311738,24.2108488083
269,25.4755264521,24.7064065933
270,24.2108488083,20.8150881529
271,24.7064065933,23.3013403416
272,20.8150881529,23.4611999989
273,20.0,24.3774569035
274,34.0,25.070514679
275,24.3774569035,21.3219827414
276,25.070514679,26.6647678614
277,21.3219827414,23.2527709007
278,26.6647678614,25.6841361523
279,23.2527709007,25.1832997799
280,34.0,22.9572987556
281,33.0,20.0240635872
282,22.9572987556,23.9449310303
283,20.0240635872,24.5130962133
284,23.9449310303,25.6501454115
285,24.5130962133,22.8666365147
286,25.6501454115,23.1465286016
287,33.0,26.7312598228
288,37.0,24.1450256109
289,26.7312598228,23.244831562
290,24.1450256109,25.9636706114
291,23.244831562,24.5810365677
292,25.9636706114,24.9943488836
293,24.5810365677,23.6318653822
294,37.0,23.990727067
295,23.0,25.2333050966
296,23.990727067,24.1889441013
297,25.2333050966,24.7063136101
298,24.1889441013,25.199380517
299,24.7063136101,27.6788789034
300,25.199380517,27.1856385469
301,23.0,24.0324550867
302,16.0,24.0529096127
303,24.0324550867,23.069075346
304,24.0529096127,24.5647323132
305,23.069075346,22.8157442808
306,24.5647323132,24.4989842176
307,22.8157442808,25.8587998152
308,16.0,25.5903965235
309,30.0,23.17266047
310,25.5903965235,24.1132611036
311,23.17266047,24.9038279057
312,24.1132611036,26.1997389793
313,24.9038279057,22.7963358164
314,26.1997389793,23.382178545
315,30.0,26.1155945063
316,13.0,26.8011599779
317,26.1155945063,24.5551460981
318,26.8011599779,24.4746637344
319,24.5551460981,23.713363409
320,24.4746637344,21.8114805222
321,23.713363409,24.3966543674
322,13.0,24.2446106672
323,26.0,22.4430316687
324,24.2446106672,24.0971785784
325,22.4430316687,24.8017269373
326,24.0971785784,23.7651139498
327,24.8017269373,22.2754454613
328,23.7651139498,23.9300769567
329,26.0,20.9279018641
330,17.0,22.9556447268
331,20.9279018641,24.61171031
332,22.9556447268,23.9058333635
333,24.61171031,25.3358834982
334,23.9058333635,24.7623127699
335,25.3358834982,21.3872748613
336,17.0,23.7054955959
337,25.0,24.3571293354
338,23.7054955959,23.2536756992
339,24.3571293354,22.9123610258
340,23.2536756992,22.0616662502
341,22.9123610258,20.2006548643
342,22.0616662502,21.7944645882
343,25.0,21.5794318914
344,24.0,21.2432527542
345,21.5794318914,20.6058704853
346,21.2432527542,23.1615364552
347,20.6058704853,22.2801733017
348,23.1615364552,25.23871243
349,22.2801733017,25.2495449781
350,24.0,22.2496908903
351,19.0,22.415792942
352,22.2496908903,21.59904778
353,22.415792942,23.0669313669
354,21.59904778,23.1460529566
355,23.0669313669,24.1428118944
356,23.1460529566,20.9270077944
357,19.0,24.0114122629
358,21.0,25.1593798399
359,24.0114122629,22.4007511139
360,25.1593798399,21.6587412357
361,22.4007511139,22.0645487309
362,21.6587412357,21.752101779
363,22.0645487309,17.4188911915
364,21.0,22.5295954943
365,25.0,24.4865620136
366,22.5295954943,22.9308843613
367,24.4865620136,22.7709048986
368,22.9308843613,22.142842412
369,22.7709048986,20.275965929
370,22.142842412,21.2600290775
371,25.0,23.7198257446
372,27.0,19.9982142448
373,23.7198257446,22.6202595234
374,19.9982142448,22.2423648834
375,22.6202595234,23.4698063135
376,22.2423648834,20.951410532
377,23.4698063135,20.1293134689
378,27.0,20.5876046419
379,23.0,22.9826760292
380,20.5876046419,20.2819401026
381,22.9826760292,22.3316019773
382,20.2819401026,21.1983400583
383,22.3316019773,21.0098719597
384,21.1983400583,20.0367379189
385,23.0,20.3577142954
386,41.0,21.765332222
387,20.3577142954,20.8529877663
388,21.765332222,20.6847256422
389,20.8529877663,24.5328247547
390,20.6847256422,20.8642905951
391,24.5328247547,21.5453803539
392,41.0,22.3644375801
393,17.0,22.5874704123
394,22.3644375801,21.7166519165
395,22.5874704123,20.5499124527
396,21.7166519165,23.7218409777
397,20.5499124527,22.5966453552
398,23.7218409777,21.5667378902
399,17.0,19.8555475473
400,25.0,20.9618675709
401,19.8555475473,23.1081229448
402,20.9618675709,21.0926252604
403,23.1081229448,22.9410874844
404,21.0926252604,21.9090002775
405,22.9410874844,22.4241650105
406,25.0,20.7245993614
407,23.0,22.2259515524
408,20.7245993614,20.9335541725
409,22.2259515524,22.7062743902
410,20.9335541725,21.7610102892
411,22.7062743902,24.1212022305
412,21.7610102892,19.9579274654
413,23.0,19.6276724339
414,21.0,21.5202695131
415,19.6276724339,22.8187501431
416,21.5202695131,23.8840323687
417,22.8187501431,22.8995203972
418,23.8840323687,22.6194995642
419,22.8995203972,20.3879088163
420,21.0,24.5478254557
421,17.0,21.9985789061
422,24.5478254557,21.7120081186
423,21.9985789061,21.065350771
424,21.7120081186,22.244335413
425,21.065350771,20.9310561419
426,22.244335413,20.9691900015
427,17.0,22.1194785833
428,26.0,23.4054350853
429,22.1194785833,22.2010713816
430,23.4054350853,23.5272717476
431,22.2010713816,22.61500597
432,23.5272717476,24.9408870935
433,22.61500597,21.7671900988
434,26.0,22.1282744408
435,21.0,22.4769812822
436,22.1282744408,24.3661111593
437,22.4769812822,22.1125656366
438,24.3661111593,22.9430544376
439,22.1125656366,21.7383545637
440,22.9430544376,22.7324706316
441,21.0,23.0016392469
442,21.0,26.3615316153
443,23.0016392469,22.8590190411
444,26.3615316153,22.2495281696
445,22.8590190411,21.3184118271
446,22.2495281696,22.300504446
447,21.3184118271,21.2067496777
448,21.0,23.9647293091
449,23.0,24.1160041094
450,23.9647293091,20.3681230545
451,24.1160041094,22.352154851
452,20.3681230545,21.8799948692
453,22.352154851,20.1972734928
454,21.8799948692,22.5689828396
455,23.0,22.1590608358
456,12.0,19.4919186831
457,22.1590608358,22.6379942894
458,19.4919186831,21.0413467884
459,22.6379942894,20.7367730141
460,21.0413467884,20.7295972109
461,20.7367730141,19.5382368565
462,12.0,23.4547537565
463,24.0,21.9957125187
464,23.4547537565,22.468303442
465,21.9957125187,22.9344463348
466,22.468303442,22.103369236
467,22.9344463348,20.2215582132
468,22.103369236,20.6446105242
469,24.0,21.708766222
470,19.0,20.1818203926
471,21.708766222,22.5821435452
472,20.1818203926,20.2141785622
473,22.5821435452,21.6011220217
474,20.2141785622,17.9714584351
475,21.6011220217,19.6089470387
476,19.0,21.3169884682
477,15.0,20.0881576538
478,21.3169884682,20.4728293419
479,20.0881576538,20.3394001722
480,20.4728293419,20.8206349611
481,20.3394001722,19.8256123066
482,20.8206349611,19.3557339907
483,15.0,21.0286563635
484,17.0,20.6261318922
485,21.0286563635,19.4788527489
486,20.6261318922,18.686247468
487,19.4788527489,19.1820144653
488,18.686247468,18.6886328459
489,19.1820144653,20.5270153284
490,17.0,22.5472068787
491,17.0,20.499740839
492,22.5472068787,20.5436646938
493,20.499740839,19.6602702141
494,20.5436646938,20.5952435732
495,19.6602702141,21.1013656855
496,20.5952435732,20.2771389484
497,17.0,19.5986366272
498,12.0,20.7854229212
499,19.5986366272,20.6690168381
500,20.7854229212,18.2271623611
501,20.6690168381,18.7919121981
502,18.2271623611,18.0439049006
503,18.7919121981,19.5173406601
504,12.0,20.0562804937
505,10.0,19.0548956394
506,20.0562804937,19.3779873848
507,19.0548956394,18.1675797701
508,19.3779873848,20.0826644897
509,18.1675797701,15.5841439962
510,20.0826644897,18.7803393602
511,10.0,21.9079846144
512,12.0,18.8317108154
513,21.9079846144,20.4551786184
514,18.8317108154,17.7186781168
515,20.4551786184,17.1929186583
516,17.7186781168,16.704429388
517,17.1929186583,17.8730714321
518,12.0,17.9618132114
519,21.0,16.0054922104
520,17.9618132114,19.4474244118
521,16.0054922104,17.4758917093
522,19.4474244118,18.4287786484
523,17.4758917093,16.8902242184
524,18.4287786484,15.5909997225
525,21.0,16.3585048914
526,9.0,15.4502373934
527,16.3585048914,17.7667289972
528,15.4502373934,15.0575101376
529,17.7667289972,16.1744964123
530,15.0575101376,17.250212431
531,16.1744964123,14.5920011401
532,9.0,15.865239501
533,11.0,17.3547452688
534,15.865239501,17.0397090912
535,17.3547452688,13.7205460668
536,17.0397090912,15.5696421862
537,13.7205460668,13.4727716446
538,15.5696421862,12.7494335175
539,11.0,16.7449700832
540,22.0,18.3041757345
541,16.7449700832,16.0981428623
542,18.3041757345,16.8152940273
543,16.0981428623,17.4550795555
544,16.8152940273,15.971172452
545,17.4550795555,16.1850321293
546,22.0,16.9293004274
547,26.0,17.506377697
548,16.9293004274,16.916654706
549,17.506377697,16.2849336863
550,16.916654706,17.2001820803
551,16.2849336863,16.6320937872
552,17.2001820803,16.0767245293
553,26.0,16.2515473366
554,28.0,15.5002444983
555,16.2515473366,17.4430954456
556,15.5002444983,16.2461292744
557,17.4430954456,17.4522972107
558,16.2461292744,17.7819156647
559,17.4522972107,15.9568780661
560,28.0,16.2753331661
561,19.0,16.0428249836
562,16.2753331661,16.2180072069
563,16.0428249836,17.7927750349
564,16.2180072069,17.0304644108
565,17.7927750349,16.4606130123
566,17.0304644108,18.6594325304
567,19.0,16.1979907751
568,17.0,15.5452036858
569,16.1979907751,16.7815732956
570,15.5452036858,17.1349132061
571,16.7815732956,18.6958551407
572,17.1349132061,17.20015347
573,18.6958551407,18.7614583969
574,17.0,18.2633846998
575,14.0,18.924100399
576,18.2633846998,16.8901741505
577,18.924100399,19.7061914206
578,16.8901741505,17.6267498732
579,19.7061914206,18.5817521811
580,17.6267498732,19.8685634136
581,14.0,16.778883934
582,14.0,17.0655620098
583,16.778883934,16.8600529432
584,17.0655620098,15.7849466801
585,16.8600529432,18.2477045059
586,15.7849466801,19.0317571163
587,18.2477045059,19.5878916979
588,14.0,17.8166484833
589,16.0,17.1919351816
590,17.8166484833,17.0116657019
591,17.1919351816,17.5458937883
592,17.0116657019,18.3146220446
593,17.5458937883,16.4496999979
594,18.3146220446,17.8920739889
595,16.0,18.069178462
596,10.0,16.411061883
597,18.069178462,16.7479938269
598,16.411061883,17.932716608
599,16.7479938269,18.1008857489
600,17.932716608,16.658012867
601,18.1008857489,18.1923311949
602,10.0,16.8368750811
603,13.0,15.47996521
604,16.8368750811,17.9747378826
605,15.47996521,16.8587636948
606,17.9747378826,17.4013602734
607,16.8587636948,15.5500584841
608,17.4013602734,18.6747157574
609,13.0,19.355982542
610,7.0,17.8453266621
611,19.355982542,16.5219730139
612,17.8453266621,16.227620244
613,16.5219730139,15.6944739819
614,16.227620244,16.940073967
615,15.6944739819,17.107783556
616,7.0,18.9866745472
617,10.0,19.0168422461
618,18.9866745472,19.2258810997
619,19.0168422461,19.0938198566
620,19.2258810997,16.3256067038
621,19.0938198566,16.1140537262
622,16.3256067038,17.4882012606
623,10.0,16.4080041647
624,12.0,15.929582119
625,16.4080041647,16.4213186502
626,15.929582119,16.8490058184
627,16.4213186502,16.0544979572
628,16.8490058184,13.9154085517
629,16.0544979572,16.2431538105
630,12.0,15.6860464811
631,22.0,17.6060968637
632,15.6860464811,17.6004981995
633,17.6060968637,16.7003327608
634,17.6004981995,15.1124542952
635,16.7003327608,14.2126581073
636,15.1124542952,16.6619324684
637,22.0,18.1529438496
638,14.0,18.2949954271
639,18.1529438496,16.1993569136
640,18.2949954271,15.7243233919
641,16.1993569136,15.6107407808
642,15.7243233919,15.2013337612
643,15.6107407808,15.4024457932
644,14.0,17.6528084278
645,11.0,17.4460583925
646,17.6528084278,13.215161562
647,17.4460583925,13.3205839992
648,13.215161562,13.7494531274
649,13.3205839992,16.1719715595
650,13.7494531274,15.6908369064
651,11.0,17.2686070204
652,15.0,15.6186890602
653,17.2686070204,14.3439468741
654,15.6186890602,14.4075188041
655,14.3439468741,14.703155458
656,14.4075188041,14.6871677041
657,14.703155458,13.7149250507
658,15.0,16.3236576319
659,10.0,13.1357145309
660,16.3236576319,13.3574089408
661,13.1357145309,13.4151390195
662,13.3574089408,12.5434809923
663,13.4151390195,14.7307929397
664,12.5434809923,13.8079556823
665,10.0,14.463314116
666,6.0,12.716422677
667,14.463314116,13.8354474306
668,12.716422677,14.2931985855
669,13.8354474306,13.6676225066
670,14.2931985855,16.0963153839
671,13.6676225066,13.4609985352
672,6.0,14.1543459892
673,2.0,12.5905153155
674,14.1543459892,15.3801816702
675,12.5905153155,11.7531654239
676,15.3801816702,11.0703313351
677,11.7531654239,13.4697246552
678,11.0703313351,10.9412670135
679,2.0,13.4462401271
680,2.0,12.1839398146
681,13.4462401271,13.2159501314
682,12.1839398146,14.1383859515
683,13.2159501314,11.167203784
684,14.1383859515,11.4462536573
685,11.167203784,12.5778007507
686,2.0,14.310246706
687,6.0,9.71565485001
688,14.310246706,11.1342564225
689,9.71565485001,11.2849804759
690,11.1342564225,10.3143927455
691,11.2849804759,10.3871074319
692,10.3143927455,12.4395471811
693,6.0,14.211614728
694,10.0,11.6332215071
695,14.211614728,12.4702835083
696,11.6332215071,10.958661139
697,12.4702835083,12.0677268505
698,10.958661139,11.4902669191
699,12.0677268505,10.5713877082
700,10.0,12.8365731239
701,11.0,12.9652878642
702,12.8365731239,11.4432817698
703,12.9652878642,12.0303207636
704,11.4432817698,10.7816228271
705,12.0303207636,11.2392398715
706,10.7816228271,11.0435396433
707,11.0,11.07444942
708,2.0,10.8550429344
709,11.07444942,14.3728101254
710,10.8550429344,11.0404524207
711,14.3728101254,11.2863260508
712,11.0404524207,8.82917046547
713,11.2863260508,9.71658915281
714,2.0,10.9767866135
715,2.0,9.89430338144
716,10.9767866135,11.3660091162
717,9.89430338144,9.01323080063
718,11.3660091162,9.4872674346
719,9.01323080063,8.91172617674
720,9.4872674346,8.01357328892
721,2.0,10.8256325126
722,8.0,13.485044539
723,10.8256325126,9.43611770868
724,13.485044539,9.30615663528
725,9.43611770868,9.28815633059
726,9.30615663528,7.13107779622
727,9.28815633059,8.86996239424
728,8.0,10.6517770886
729,10.0,10.2061378956
730,10.6517770886,10.1594907045
731,10.2061378956,8.59616607428
732,10.1594907045,9.15715456009
733,8.59616607428,9.30978924036
734,9.15715456009,8.46560865641
735,10.0,9.83125001192
736,6.0,9.56471979618
737,9.83125001192,11.005834043
738,9.56471979618,8.62474232912
739,11.005834043,8.40145915747
740,8.62474232912,9.52311247587
741,8.40145915747,10.0774481893
742,6.0,8.66447478533
743,10.0,8.2957971096
744,8.66447478533,9.85539168119
745,8.2957971096,9.57790374756
746,9.85539168119,8.78963023424
747,9.57790374756,7.23439112306
748,8.78963023424,11.4833888412
749,10.0,8.92269194126
750,11.0,9.08370226622
751,8.92269194126,9.32968407869
752,9.08370226622,8.43226164579
753,9.32968407869,8.776268363
754,8.43226164579,10.386326015
755,8.776268363,9.07623589039
756,11.0,8.42615604401
757,10.0,9.06136751175
758,8.42615604401,9.26785826683
759,9.06136751175,8.48550260067
760,9.26785826683,9.22176718712
761,8.48550260067,9.28539544344
762,9.22176718712,8.86658728123
763,10.0,9.18860793114
764,2.0,11.3012605906
765,9.18860793114,8.32584768534
766,11.3012605906,9.97258454561
767,8.32584768534,9.84434634447
768,9.97258454561,11.2024211884
769,9.84434634447,9.62042838335
770,2.0,8.26591730118
771,6.0,9.34013217688
772,8.26591730118,8.60620379448
773,9.34013217688,10.2332648635
774,8.60620379448,9.29909795523
775,10.2332648635,8.24224412441
776,9.29909795523,9.67963725328
777,6.0,8.21928799152
778,9.0,10.1616185904
779,8.21928799152,10.1039645076
780,10.1616185904,10.7560363412
781,10.1039645076,9.28538739681
782,10.7560363412,10.2423816919
783,9.28538739681,10.7384204865
784,9.0,8.93770694733
785,8.0,8.22072207928
786,8.93770694733,9.50240045786
787,8.22072207928,10.7112497091
788,9.50240045786,8.49123895168
789,10.7112497091,10.6526094675
790,8.49123895168,8.82426559925
791,8.0,9.22244846821
792,11.0,9.34909075499
793,9.22244846821,10.6669387221
794,9.34909075499,8.78567487001
795,10.6669387221,10.6321960688
796,8.78567487001,11.5830481052
797,10.6321960688,9.53574925661
798,11.0,8.83764088154
799,14.0,10.2848365903
800,8.83764088154,8.35423707962
801,10.2848365903,10.3162702918
802,8.35423707962,10.5418860912
803,10.3162702918,10.1931533217
804,10.5418860912,10.6597700715
805,14.0,9.61090564728
806,13.0,8.14542710781
807,9.61090564728,8.33108067513
808,8.14542710781,10.4125481844
809,8.33108067513,11.0464176536
810,10.4125481844,10.0177976489
811,11.0464176536,12.628005445
812,13.0,10.0099092722
813,17.0,9.18636113405
814,10.0099092722,11.3259288669
815,9.18636113405,11.5094509721
816,11.3259288669,11.1685180664
817,11.5094509721,12.2718241811
818,11.1685180664,13.1944665313
819,17.0,10.2424702048
820,11.0,10.4281461239
821,10.2424702048,10.6920173764
822,10.4281461239,10.1082712412
823,10.6920173764,12.2962224483
824,10.1082712412,12.6592352986
825,12.2962224483,12.2381159663
826,11.0,10.385902226
827,5.0,11.5639123321
828,10.385902226,10.138233304
829,11.5639123321,10.2428162098
830,10.138233304,11.6755852103
831,10.2428162098,10.9766712785
832,11.6755852103,10.9940376878
833,5.0,9.84511435032
834,10.0,11.5780091286
835,9.84511435032,9.66225653887
836,11.5780091286,9.78740394115
837,9.66225653887,9.96873825788
838,9.78740394115,12.0755633712
839,9.96873825788,11.0056900978
840,10.0,10.5997654796
841,11.0,11.9697743654
842,10.5997654796,14.3028992414
843,11.9697743654,11.0115104914
844,14.3028992414,11.6129377484
845,11.0115104914,11.8345856667
846,11.6129377484,11.8447718024
847,11.0,12.8647524118
848,7.0,10.8988523483
849,12.8647524118,10.3606206179
850,10.8988523483,11.798324883
851,10.3606206179,11.7553970218
852,11.798324883,13.1745716929
853,11.7553970218,11.8776020408
854,7.0,11.425538063
855,5.0,11.0492098331
856,11.425538063,11.7844238877
857,11.0492098331,11.8846938014
858,11.7844238877,10.8171504736
859,11.8846938014,10.6783255935
860,10.8171504736,11.5635770559
861,5.0,11.7386940122
862,3.0,11.1661881208
863,11.7386940122,10.1409003139
864,11.1661881208,11.327573061
865,10.1409003139,11.0033842921
866,11.327573061,11.5649718046
867,11.0033842921,10.5878582597
868,3.0,12.8547272086
869,8.0,10.7667464018
870,12.8547272086,11.8544894457
871,10.7667464018,10.6749486923
872,11.8544894457,10.0481361151
873,10.6749486923,12.8849950433
874,10.0481361151,10.752043426
875,8.0,12.7986824512
876,7.0,9.88244891167
877,12.7986824512,11.4029270411
878,9.88244891167,11.5423429012
879,11.4029270411,10.6860440969
880,11.5423429012,10.5928891897
881,10.6860440969,9.93460267782
882,7.0,12.2910752892
883,6.0,10.8795180917
884,12.2910752892,10.2901411057
885,10.8795180917,9.83893722296
886,10.2901411057,9.98351812363
887,9.83893722296,9.74420070648
888,9.98351812363,9.25965607166
889,6.0,12.9951685667
890,7.0,13.6264246702
891,12.9951685667,10.3635361791
892,13.6264246702,13.353189826
893,10.3635361791,8.8084512949
894,13.353189826,10.8563187718
895,8.8084512949,10.2325209975
896,7.0,10.4750704765
897,8.0,7.96651214361
898,10.4750704765,10.4653671384
899,7.96651214361,9.95250552893
900,10.4653671384,10.0472187996
901,9.95250552893,7.51767396927
902,10.0472187996,8.68519037962
903,8.0,12.1698206663
904,6.0,9.05946940184
905,12.1698206663,9.91256117821
906,9.05946940184,9.59473818541
907,9.91256117821,8.10130029917
908,9.59473818541,10.840793252
909,8.10130029917,9.02646481991
910,6.0,10.9139800072
911,1.0,9.87222164869
912,10.9139800072,9.57245439291
913,9.87222164869,8.46574276686
914,9.57245439291,9.0803951025
915,8.46574276686,8.5769239068
916,9.0803951025,8.12477767467
917,1.0,9.99950140715
918,0.0,10.3332540393
919,9.99950140715,9.56627100706
920,10.3332540393,8.27963143587
921,9.56627100706,8.86868387461
922,8.27963143587,7.82617360353
923,8.86868387461,8.85978251696
924,0.0,10.3164124489
925,1.0,7.10605815053
926,10.3164124489,7.42558479309
927,7.10605815053,7.62384206057
928,7.42558479309,7.21631661057
929,7.62384206057,7.66299426556
930,7.21631661057,8.91882956028
931,1.0,8.43902349472
932,2.0,6.77568733692
933,8.43902349472,6.40931457281
934,6.77568733692,6.50794431567
935,6.40931457281,6.18822813034
936,6.50794431567,7.26017922163
937,6.18822813034,7.08999484777
938,2.0,8.24998944998
939,4.0,7.85905748606
940,8.24998944998,6.88123583794
941,7.85905748606,7.65692621469
942,6.88123583794,4.34423714876
943,7.65692621469,6.24794572592
944,4.34423714876,7.52400487661
945,4.0,6.06890156865
946,2.0,6.82128623128
947,6.06890156865,7.50557899475
948,6.82128623128,6.0842974484
949,7.50557899475,6.10031694174
950,6.0842974484,8.22254061699
951,6.10031694174,6.96783855557
952,2.0,7.20054879785
953,1.0,7.38722383976
954,7.20054879785,7.49928563833
955,7.38722383976,7.75748223066
956,7.49928563833,6.77991449833
957,7.75748223066,5.59273615479
958,6.77991449833,6.46982699633
959,1.0,7.65153765678
960,5.0,8.79185199738
961,7.65153765678,6.9032523036
962,8.79185199738,5.65730944276
963,6.9032523036,6.19362831116
964,5.65730944276,4.42826852202
965,6.19362831116,7.1035708487
966,5.0,6.99020236731
967,8.0,6.94639027119
968,6.99020236731,4.29338023067
969,6.94639027119,4.72863480449
970,4.29338023067,7.842220366
971,4.72863480449,7.06784516573
972,7.842220366,4.90179017186
973,8.0,5.64428195357
974,5.0,6.68160751462
975,5.64428195357,6.24901682138
976,6.68160751462,7.73408263922
977,6.24901682138,5.03366947174
978,7.73408263922,5.78610464931
979,5.03366947174,5.30584976077
980,5.0,5.34162774682
981,4.0,6.96844428778
982,5.34162774682,5.24998113513
983,6.96844428778,7.18842878938
984,5.24998113513,4.58857253194
985,7.18842878938,6.2313169241
986,4.58857253194,5.95175027847
987,4.0,6.70174688101
988,5.0,6.85155943036
989,6.70174688101,6.0397875309
990,6.85155943036,5.71845978498
991,6.0397875309,7.43956044316
992,5.71845978498,5.86664378643
993,7.43956044316,7.18064278364
994,5.0,6.2524433434
995,8.0,7.30094075203
996,6.2524433434,6.06008782983
997,7.30094075203,6.01371645927
998,6.06008782983,5.79771369696
999,6.01371645927,7.86215990782
1000,5.79771369696,8.08405101299
1001,8.0,5.68847939372
1002,8.0,5.1868763566
1003,5.68847939372,6.42154186964
1004,5.1868763566,6.86343804002
1005,6.42154186964,8.16914141178
1006,6.86343804002,6.91271737218
1007,8.16914141178,7.80132561922
1008,8.0,4.66412231326
1009,2.0,6.75783678889
1010,4.66412231326,7.63632684946
1011,6.75783678889,7.24748879671
1012,7.63632684946,7.34533041716
1013,7.24748879671,7.68659859896
1014,7.34533041716,8.95057708025
1015,2.0,7.23421096802
1016,2.0,5.80618992448
1017,7.23421096802,6.38228729367
1018,5.80618992448,5.6033398211
1019,6.38228729367,6.7649884522
1020,5.6033398211,7.41654798388
1021,6.7649884522,6.70336067677
1022,2.0,6.47344708443
1023,3.0,5.83608314395
1024,6.47344708443,7.1985527873
1025,5.83608314395,6.49355247617
1026,7.1985527873,7.39787980914
1027,6.49355247617,7.49235525727
1028,7.39787980914,7.8617566824
1029,3.0,6.94302409887
1030,2.0,6.33746892214
1031,6.94302409887,8.98384541273
1032,6.33746892214,7.66600996256
1033,8.98384541273,7.71995812654
1034,7.66600996256,6.8162740767
1035,7.71995812654,5.46572953463
1036,2.0,5.36000132561
1037,4.0,7.36091226339
1038,5.36000132561,6.71919196844
1039,7.36091226339,6.75892755389
1040,6.71919196844,7.0523647964
1041,6.75892755389,6.72685950994
1042,7.0523647964,5.77653095126
1043,4.0,5.85878401995
1044,1.0,7.40285798907
1045,5.85878401995,6.23805731535
1046,7.40285798907,9.36029702425
1047,6.23805731535,8.32084000111
1048,9.36029702425,7.01282501221
1049,8.32084000111,6.43073871732
1050,1.0,7.07933798432
1051,8.0,6.59001857042
1052,7.07933798432,7.26425617933
1053,6.59001857042,7.3453438282
1054,7.26425617933,6.4313775301
1055,7.3453438282,6.71436443925
1056,6.4313775301,6.29546105862
1057,8.0,6.17231681943
1058,9.0,7.21954062581
1059,6.17231681943,6.92254588008
1060,7.21954062581,6.825042665
1061,6.92254588008,7.7411672473
1062,6.825042665,9.28533554077
1063,7.7411672473,7.77104258537
1064,9.0,5.53027331829
1065,3.0,6.86175495386
1066,5.53027331829,9.162145257
1067,6.86175495386,7.17838346958
1068,9.162145257,6.67997583747
1069,7.17838346958,8.37289273739
1070,6.67997583747,7.65308082104
1071,3.0,6.46225422621
1072,1.0,6.57963976264
1073,6.46225422621,7.38007307053
1074,6.57963976264,7.46320366859
1075,7.38007307053,8.33695113659
1076,7.46320366859,8.20949703455
1077,8.33695113659,6.20564773679
1078,1.0,7.35140383244
1079,1.0,5.30946046114
1080,7.35140383244,5.48602223396
1081,5.30946046114,6.71112656593
1082,5.48602223396,6.81971311569
1083,6.71112656593,6.50572612882
1084,6.81971311569,6.61597341299
1085,1.0,6.6251116991
1086,4.0,6.54524490237
1087,6.6251116991,6.8701851368
1088,6.54524490237,6.38673081994
1089,6.8701851368,6.56125724316
1090,6.38673081994,7.09260419011
1091,6.56125724316,7.54929363728
1092,4.0,7.32279494405
1093,5.0,6.92336574197
1094,7.32279494405,6.66775435209
1095,6.92336574197,6.32619872689
1096,6.66775435209,5.92454999685
1097,6.32619872689,7.43106812239
1098,5.92454999685,7.01467394829
1099,5.0,7.12211877108
1100,5.0,5.84944278002
1101,7.12211877108,6.85165956616
1102,5.84944278002,7.0073890686
1103,6.85165956616,7.80982285738
1104,7.0073890686,7.21100449562
1105,7.80982285738,6.00852951407
1106,5.0,6.13728538156
1107,8.0,5.66667482257
1108,6.13728538156,6.88448578119
1109,5.66667482257,6.80379465222
1110,6.88448578119,7.30266988277
1111,6.80379465222,8.27528357506
1112,7.30266988277,7.09731996059
1113,8.0,6.07044294477
1114,6.0,6.67045891285
1115,6.07044294477,5.90097561479
1116,6.67045891285,6.46959364414
1117,5.90097561479,5.37493363023
1118,6.46959364414,6.42585173249
1119,5.37493363023,7.46154516935
1120,6.0,6.16356700659
1121,4.0,7.4033036828
1122,6.16356700659,7.23431378603
1123,7.4033036828,6.51569187641
1124,7.23431378603,7.91550457478
1125,6.51569187641,8.25195640326
1126,7.91550457478,6.1347605288
1127,4.0,6.59740045667
1128,2.0,6.7730216682
1129,6.59740045667,7.47388735414
1130,6.7730216682,6.13278776407
1131,7.47388735414,7.61643469334
1132,6.13278776407,6.97005182505
1133,7.61643469334,5.99872156978
1134,2.0,6.76894381642
1135,9.0,7.14869588614
1136,6.76894381642,7.22624659538
1137,7.14869588614,8.86769324541
1138,7.22624659538,6.99006870389
1139,8.86769324541,9.58575278521
1140,6.99006870389,6.77280396223
1141,9.0,8.32724690437
1142,6.0,6.55250564218
1143,8.32724690437,7.92562097311
1144,6.55250564218,6.54186621308
1145,7.92562097311,6.48056700826
1146,6.54186621308,7.04063504934
1147,6.48056700826,7.9664799571
1148,6.0,7.03944057226
1149,7.0,6.73108935356
1150,7.03944057226,7.23155155778
1151,6.73108935356,7.25747287273
1152,7.23155155778,6.39946371317
1153,7.25747287273,9.96014803648
1154,6.39946371317,7.55550205708
1155,7.0,6.46795123816
1156,9.0,7.35478341579
1157,6.46795123816,6.15495935082
1158,7.35478341579,7.34459415078
1159,6.15495935082,7.08236038685
1160,7.34459415078,8.21340769529
1161,7.08236038685,7.36855611205
1162,9.0,7.30021342635
1163,13.0,9.28836375475
1164,7.30021342635,7.38543659449
1165,9.28836375475,7.49343663454
1166,7.38543659449,7.65043795109
1167,7.49343663454,7.60516941547
1168,7.65043795109,9.57711607218
1169,13.0,8.03314626217
1170,6.0,7.6619258523
1171,8.03314626217,9.25210654736
1172,7.6619258523,8.58809530735
1173,9.25210654736,9.33803290129
1174,8.58809530735,8.87125343084
1175,9.33803290129,8.69485259056
1176,6.0,7.99968659878
1177,10.0,7.00446277857
1178,7.99968659878,8.8427862525
1179,7.00446277857,8.33820641041
1180,8.8427862525,9.18569326401
1181,8.33820641041,9.12413030863
1182,9.18569326401,9.25910443068
1183,10.0,7.61334657669
1184,4.0,8.37249577045
1185,7.61334657669,9.07743036747
1186,8.37249577045,9.27290529013
1187,9.07743036747,10.2684572339
1188,9.27290529013,9.53979671001
1189,10.2684572339,9.22265052795
1190,4.0,8.7818518281
1191,6.0,8.65534186363
1192,8.7818518281,9.29959863424
1193,8.65534186363,10.3187066317
1194,9.29959863424,8.60892266035
1195,10.3187066317,9.05935585499
1196,8.60892266035,8.71401339769
1197,6.0,9.18074548244
1198,6.0,7.8890427947
1199,9.18074548244,7.52263516188
1200,7.8890427947,9.01078641415
1201,7.52263516188,8.6952316761
1202,9.01078641415,8.36427479982
1203,8.6952316761,9.80569303036
1204,6.0,10.0912365317
1205,7.0,9.04744952917
1206,10.0912365317,7.76006430387
1207,9.04744952917,9.32681411505
1208,7.76006430387,9.21287119389
1209,9.32681411505,7.07479611039
1210,9.21287119389,7.98661977053
1211,7.0,8.58403623104
1212,8.0,8.31276029348
1213,8.58403623104,9.35061246157
1214,8.31276029348,8.89880508184
1215,9.35061246157,9.87628877163
1216,8.89880508184,8.52568209171
1217,9.87628877163,9.3641987443
1218,8.0,11.8884703517
1219,8.0,8.88281732798
1220,11.8884703517,11.2516021729
1221,8.88281732798,10.8834010363
1222,11.2516021729,9.33909058571
1223,10.8834010363,9.86187279224
1224,9.33909058571,10.2247685194
1225,8.0,8.22863906622
1226,8.0,10.1390987635
1227,8.22863906622,8.80418658257
1228,10.1390987635,9.62791889906
1229,8.80418658257,9.30098891258
1230,9.62791889906,8.62793684006
1231,9.30098891258,9.41844463348
1232,8.0,8.9269888401
1233,2.0,10.4381391406
1234,8.9269888401,8.36656093597
1235,10.4381391406,8.49016696215
1236,8.36656093597,8.83198320866
1237,8.49016696215,8.87766391039
1238,8.83198320866,7.95763492584
1239,2.0,7.98871994019
1240,3.0,9.69434380531
1241,7.98871994019,9.52463150024
1242,9.69434380531,8.20437759161
1243,9.52463150024,9.39855158329
1244,8.20437759161,8.80747765303
1245,9.39855158329,8.43057185411
1246,3.0,8.88871997595
1247,0.0,8.88099610806
1248,8.88871997595,8.986325562
1249,8.88099610806,8.4083327651
1250,8.986325562,8.8578414917
1251,8.4083327651,6.23686105013
1252,8.8578414917,9.01707082987
1253,0.0,9.07753407955
1254,1.0,8.94129127264
1255,9.07753407955,7.85990506411
1256,8.94129127264,7.57626146078
1257,7.85990506411,8.2294973731
1258,7.57626146078,7.95453250408
1259,8.2294973731,6.96387469769
1260,1.0,10.5907550454
1261,1.0,8.54820996523
1262,10.5907550454,7.51430690289
1263,8.54820996523,7.86763072014
1264,7.51430690289,6.49804830551
1265,7.86763072014,7.48897656798
1266,6.49804830551,7.16081544757
1267,1.0,8.14584463835
1268,2.0,7.30295777321
1269,8.14584463835,8.57335925102
1270,7.30295777321,5.12733668089
1271,8.57335925102,6.73316314816
1272,5.12733668089,6.54724761844
1273,6.73316314816,5.58430328965
1274,2.0,8.42677563429
1275,4.0,6.94556459785
1276,8.42677563429,7.2665463388
1277,6.94556459785,6.415835917
1278,7.2665463388,7.19669267535
1279,6.415835917,6.34243860841
1280,7.19669267535,7.53319680691
1281,4.0,6.00508823991
1282,4.0,5.20509749651
1283,6.00508823991,6.3484364748
1284,5.20509749651,6.97144925594
1285,6.3484364748,5.1853376627
1286,6.97144925594,4.76505607367
1287,5.1853376627,5.59314697981
1288,4.0,7.62630879879
1289,8.0,7.23897770047
1290,7.62630879879,6.68003126979
1291,7.23897770047,5.30220687389
1292,6.68003126979,6.39023378491
1293,5.30220687389,4.81589689851
1294,6.39023378491,6.31379038095
1295,8.0,6.35873660445
1296,6.0,4.92824837565
1297,6.35873660445,5.64365074039
1298,4.92824837565,6.52013227344
1299,5.64365074039,6.57852843404
1300,6.52013227344,7.51634001732
1301,6.57852843404,5.15263348818
1302,6.0,5.89104115963
1303,8.0,6.91613361239
1304,5.89104115963,7.24100634456
1305,6.91613361239,5.76254189014
1306,7.24100634456,5.51117375493
1307,5.76254189014,5.82563951612
1308,5.51117375493,7.0167799294
1309,8.0,7.49133601785
1310,20.0,4.35590878129
1311,7.49133601785,6.3128824532
1312,4.35590878129,7.50351905823
1313,6.3128824532,7.22712412477
1314,7.50351905823,5.94148904085
1315,7.22712412477,8.42739880085
1316,20.0,6.55421286821
1317,5.0,7.76587039232
1318,6.55421286821,7.14511290193
1319,7.76587039232,8.38241547346
1320,7.14511290193,6.89562767744
1321,8.38241547346,8.24831038713
1322,6.89562767744,9.71030920744
1323,5.0,7.54478126764
1324,6.0,5.3402146697
1325,7.54478126764,9.02942150831
1326,5.3402146697,6.91982075572
1327,9.02942150831,7.58113056421
1328,6.91982075572,8.61228078604
1329,7.58113056421,7.25426629186
1330,6.0,7.88442313671
1331,9.0,7.14977905154
1332,7.88442313671,7.63592362404
1333,7.14977905154,6.48407578468
1334,7.63592362404,6.59088268876
1335,6.48407578468,9.22859340906
1336,6.59088268876,8.48706007004
1337,9.0,6.1375375092
1338,5.0,6.2166005373
1339,6.1375375092,7.04591631889
1340,6.2166005373,8.98239523172
1341,7.04591631889,9.46924835443
1342,8.98239523172,9.13365036249
1343,9.46924835443,9.24320340157
1344,5.0,7.99678176641
1345,12.0,9.79866564274
1346,7.99678176641,8.2767945528
1347,9.79866564274,9.93324637413
1348,8.2767945528,9.44224029779
1349,9.93324637413,9.2193800211
1350,9.44224029779,10.000217557
1351,12.0,9.01137113571
1352,8.0,9.33621883392
1353,9.01137113571,7.61690139771
1354,9.33621883392,9.26304101944
1355,7.61690139771,9.17256206274
1356,9.26304101944,11.685718596
1357,9.17256206274,9.5948562026
1358,8.0,7.50265717506
1359,18.0,8.86886358261
1360,7.50265717506,8.694049716
1361,8.86886358261,10.0947099924
1362,8.694049716,10.1591742039
1363,10.0947099924,11.1985319853
1364,10.1591742039,13.8721078634
1365,18.0,8.35548877716
1366,9.0,8.66463214159
1367,8.35548877716,8.66110682487
1368,8.66463214159,8.81508171558
1369,8.66110682487,10.1883789897
1370,8.81508171558,11.1712360382
1371,10.1883789897,9.30282890797
1372,9.0,9.4396725297
1373,7.0,9.42150861025
1374,9.4396725297,10.6545200944
1375,9.42150861025,10.9434771538
1376,10.6545200944,11.2091678381
1377,10.9434771538,10.3429278731
1378,11.2091678381,10.9645700455
1379,7.0,11.8399563432
1380,3.0,10.1010292768
1381,11.8399563432,11.0306203365
1382,10.1010292768,10.9154078364
1383,11.0306203365,8.46177488565
1384,10.9154078364,8.36714476347
1385,8.46177488565,9.61786329746
1386,3.0,10.8329844475
1387,5.0,11.1474609375
1388,10.8329844475,10.549531281
1389,11.1474609375,10.0701007247
1390,10.549531281,11.3820558786
1391,10.0701007247,9.46168452501
1392,11.3820558786,11.0031285882
1393,5.0,8.77762645483
1394,8.0,11.071844995
1395,8.77762645483,9.36416298151
1396,11.071844995,10.02938658
1397,9.36416298151,9.67670023441
1398,10.02938658,9.74099814892
1399,9.67670023441,11.4328461885
1400,8.0,9.8583304882
1401,8.0,10.6823936105
1402,9.8583304882,10.2783170342
1403,10.6823936105,10.3998076916
1404,10.2783170342,9.40956473351
1405,10.3998076916,10.7714599371
1406,9.40956473351,10.2354133129
1407,8.0,8.39611977339
1408,4.0,10.1115122437
1409,8.39611977339,8.53742480278
1410,10.1115122437,10.1029729843
1411,8.53742480278,8.72115164995
1412,10.1029729843,8.98079484701
1413,8.72115164995,10.1965302229
1414,4.0,10.3643274307
1415,9.0,9.53714132309
1416,10.3643274307,8.90572786331
1417,9.53714132309,9.94412720203
1418,8.90572786331,9.9482935667
1419,9.94412720203,10.6961730123
1420,9.9482935667,11.0967957973
1421,9.0,9.26130831242
1422,13.0,8.68577778339
1423,9.26130831242,8.47283810377
1424,8.68577778339,10.6369614601
1425,8.47283810377,10.4720842838
1426,10.6369614601,11.5346986055
1427,10.4720842838,10.4771286249
1428,13.0,10.7663109899
1429,30.0,10.0825443864
1430,10.7663109899,8.71686458588
1431,10.0825443864,9.34356272221
1432,8.71686458588,11.1277940869
1433,9.34356272221,11.3035494089
1434,11.1277940869,10.8790013194
1435,30.0,8.1789368391
1436,20.0,8.83993953466
1437,8.1789368391,12.1383628249
1438,8.83993953466,11.1384370923
1439,12.1383628249,11.7169082165
1440,11.1384370923,10.7484823465
1441,11.7169082165,10.9817004204
1442,20.0,8.62867355347
1443,10.0,10.3559651971
1444,8.62867355347,10.189781785
1445,10.3559651971,12.5307038426
1446,10.189781785,11.6910722852
1447,12.5307038426,12.9127541184
1448,11.6910722852,12.740021646
1449,10.0,12.0579788089
1450,12.0,11.0810002685
1451,12.0579788089,11.81676507
1452,11.0810002685,11.4939156175
1453,11.81676507,14.0181353688
1454,11.4939156175,13.628474772
1455,14.0181353688,11.0266551375
1456,12.0,10.0949442387
1457,16.0,10.2172797918
1458,10.0949442387,9.63112771511
1459,10.2172797918,13.6042481661
1460,9.63112771511,13.2878011465
1461,13.6042481661,13.1760540605
1462,13.2878011465,14.7237065434
1463,16.0,11.7598879337
1464,3.0,12.5660642982
1465,11.7598879337,10.7932877541
1466,12.5660642982,14.007653296
1467,10.7932877541,10.5953800678
1468,14.007653296,12.9958730936
1469,10.5953800678,14.3924671412
1470,3.0,12.5812608004
1471,13.0,14.9529826641
1472,12.5812608004,12.9114541411
1473,14.9529826641,12.9934903979
1474,12.9114541411,15.5479127169
1475,12.9934903979,13.3518737555
1476,15.5479127169,12.8120434284
1477,13.0,13.1701040268
1478,13.0,14.1909438372
1479,13.1701040268,11.9424623251
1480,14.1909438372,12.8509104252
1481,11.9424623251,13.9336869121
1482,12.8509104252,11.6740339994
1483,13.9336869121,13.0995109677
1484,13.0,11.555108428
1485,11.0,12.9443594813
1486,11.555108428,12.4550136924
1487,12.9443594813,13.8840401173
1488,12.4550136924,13.4323221445
1489,13.8840401173,13.937729001
1490,13.4323221445,15.1344877481
1491,11.0,13.4235844016
1492,12.0,14.2225402594
1493,13.4235844016,11.4913532138
1494,14.2225402594,13.8862887025
1495,11.4913532138,14.2056190968
1496,13.8862887025,13.1988510489
1497,14.2056190968,12.9093772173
1498,12.0,13.2668182254
1499,13.0,13.7495934963
1500,13.2668182254,13.3806172013
1501,13.7495934963,14.5094141364
1502,13.3806172013,13.0085340142
1503,14.5094141364,15.0667279959
1504,13.0085340142,13.3161360025
1505,13.0,13.8651162386
1506,7.0,12.9741623998
1507,13.8651162386,13.7281152606
1508,12.9741623998,13.7096956372
1509,13.7281152606,12.4822756648
1510,13.7096956372,13.7040960789
1511,12.4822756648,14.3094322085
1512,7.0,13.1247317791
1513,11.0,13.8727971911
1514,13.1247317791,14.2484414577
1515,13.8727971911,9.91019010544
1516,14.2484414577,10.9010437131
1517,9.91019010544,13.5152372718
1518,10.9010437131,11.92566365
1519,11.0,15.5071163177
1520,14.0,13.0760630965
1521,15.5071163177,13.9521682262
1522,13.0760630965,11.9804790616
1523,13.9521682262,11.3953158259
1524,11.9804790616,13.5318267345
1525,11.3953158259,11.3033115864
1526,14.0,13.843844533
1527,11.0,13.1467437744
1528,13.843844533,11.8716832995
1529,13.1467437744,11.7186141014
1530,11.8716832995,12.397018075
1531,11.7186141014,12.8800606728
1532,12.397018075,10.7881700993
1533,11.0,13.9362743497
1534,5.0,13.0516389012
1535,13.9362743497,12.0274454355
1536,13.0516389012,10.8118218184
1537,12.0274454355,11.2259450555
1538,10.8118218184,12.4298125505
1539,11.2259450555,9.59698051214
1540,5.0,12.5837141275
1541,4.0,11.7577528954
1542,12.5837141275,12.011769712
1543,11.7577528954,11.5413817763
1544,12.011769712,10.299359858
1545,11.5413817763,10.1417040825
1546,10.299359858,11.1668291688
1547,4.0,11.6038450599
1548,13.0,13.0788838863
1549,11.6038450599,11.9868725538
1550,13.0788838863,11.727130115
1551,11.9868725538,10.6348747015
1552,11.727130115,12.447514236
1553,10.6348747015,11.4754101634
1554,13.0,11.605861187
1555,10.0,10.3425899148
1556,11.605861187,10.1228776574
1557,10.3425899148,10.4783535004
1558,10.1228776574,11.8638324738
1559,10.4783535004,11.7206713557
1560,11.8638324738,12.1925255656
1561,10.0,10.5161342025
1562,19.0,11.8148884177
1563,10.5161342025,11.2959122658
1564,11.8148884177,10.949177742
1565,11.2959122658,10.3987312317
1566,10.949177742,11.815930903
1567,10.3987312317,10.156146884
1568,19.0,9.64248239994
1569,13.0,11.8525224924
1570,9.64248239994,12.3487025499
1571,11.8525224924,11.5330633521
1572,12.3487025499,11.8222036958
1573,11.5330633521,11.5863713622
1574,11.8222036958,11.8049007654
1575,13.0,13.4624424577
1576,17.0,12.9112869501
1577,13.4624424577,10.9829556942
1578,12.9112869501,11.4952906966
1579,10.9829556942,12.6885402203
1580,11.4952906966,12.6583108306
1581,12.6885402203,12.8654551506
1582,17.0,12.794610858
1583,8.0,12.0521879196
1584,12.794610858,10.6123369932
1585,12.0521879196,12.5752571225
1586,10.6123369932,11.5173196793
1587,12.5752571225,12.7598530054
1588,11.5173196793,11.4934042096
1589,8.0,9.96457368135
1590,10.0,11.0721445084
1591,9.96457368135,10.9730324149
1592,11.0721445084,11.5611228347
1593,10.9730324149,13.1688809395
1594,11.5611228347,12.0180058479
1595,13.1688809395,13.1158715487
1596,10.0,11.566247642
1597,11.0,10.3790652752
1598,11.566247642,10.6334871054
1599,10.3790652752,11.6035401821
1600,10.6334871054,15.031401515
1601,11.6035401821,13.4261789918
1602,15.031401515,12.4349024892
1603,11.0,11.6795271635
1604,5.0,11.9314607978
1605,11.6795271635,12.5133195519
1606,11.9314607978,12.1781784296
1607,12.5133195519,11.7737165093
1608,12.1781784296,11.248177886
1609,11.7737165093,12.19938308
1610,5.0,12.3050183058
1611,12.0,12.277289629
1612,12.3050183058,12.1803402901
1613,12.277289629,12.5526756048
1614,12.1803402901,11.4448079467
1615,12.5526756048,13.642347157
1616,11.4448079467,11.869904995
1617,12.0,12.0855885744
1618,6.0,10.9251648188
1619,12.0855885744,11.6259339452
1620,10.9251648188,12.0508798957
1621,11.6259339452,13.2730901241
1622,12.0508798957,11.4402866364
1623,13.2730901241,12.2147539258
1624,6.0,12.1698814631
1625,3.0,11.069971025
1626,12.1698814631,11.4430609345
1627,11.069971025,9.25453037024
1628,11.4430609345,10.3213816881
1629,9.25453037024,10.2631643414
1630,10.3213816881,11.9015318155
1631,3.0,12.6053202152
1632,5.0,11.8702733517
1633,12.6053202152,9.59433674812
1634,11.8702733517,11.7535319924
1635,9.59433674812,10.2603042126
1636,11.7535319924,9.70327824354
1637,10.2603042126,11.7481398582
1638,5.0,11.350492537
1639,7.0,11.0008969903
1640,11.350492537,9.10731643438
1641,11.0008969903,10.3379952908
1642,9.10731643438,10.7729539275
1643,10.3379952908,9.77944761515
1644,10.7729539275,9.58093374968
1645,7.0,10.8138853312
1646,6.0,10.6936579943
1647,10.8138853312,7.36141517758
1648,10.6936579943,9.91658091545
1649,7.36141517758,9.75172966719
1650,9.91658091545,12.796523273
1651,9.75172966719,8.99034708738
1652,6.0,12.0379140973
1653,6.0,13.3684068918
1654,12.0379140973,11.141358912
1655,13.3684068918,11.1165422201
1656,11.141358912,10.6905260682
1657,11.1165422201,9.56263840199
1658,10.6905260682,9.06098753214
1659,6.0,9.90761339664
1660,3.0,11.9019430876
1661,9.90761339664,9.38062638044
1662,11.9019430876,6.21899932623
1663,9.38062638044,8.19797962904
1664,6.21899932623,9.51780617237
1665,8.19797962904,9.92969512939
1666,3.0,9.48548913002
1667,15.0,8.25440257788
1668,9.48548913002,9.26498383284
1669,8.25440257788,7.9105630517
1670,9.26498383284,7.60522395372
1671,7.9105630517,8.40266793966
1672,7.60522395372,9.53243046999
1673,15.0,8.3456325531
1674,18.0,7.94786810875
1675,8.3456325531,8.45342516899
1676,7.94786810875,9.46029692888
1677,8.45342516899,10.3105831146
1678,9.46029692888,10.4032507539
1679,10.3105831146,8.28091442585
1680,18.0,9.03362363577
1681,11.0,9.26660835743
1682,9.03362363577,7.99588769674
1683,9.26660835743,9.38781559467
1684,7.99588769674,9.10270392895
1685,9.38781559467,10.4410922527
1686,9.10270392895,9.24692183733
1687,11.0,9.52869951725
1688,12.0,9.97603386641
1689,9.52869951725,10.2169436216
1690,9.97603386641,9.58655834198
1691,10.2169436216,7.7628672123
1692,9.58655834198,9.11380201578
1693,7.7628672123,12.3349454999
1694,12.0,9.63503837585
1695,13.0,9.0062391758
1696,9.63503837585,11.5418985486
1697,9.0062391758,9.33925956488
1698,11.5418985486,10.7358571887
1699,9.33925956488,10.606867969
1700,10.7358571887,12.2733297944
1701,13.0,8.96468728781
1702,29.0,8.47275137901
1703,8.96468728781,10.794813931
1704,8.47275137901,10.1001262665
1705,10.794813931,11.2959516048
1706,10.1001262665,11.8763262033
1707,11.2959516048,12.2748470306
1708,29.0,10.831400156
1709,27.0,9.78820502758
1710,10.831400156,10.6713616848
1711,9.78820502758,11.5347325802
1712,10.6713616848,13.8002228737
1713,11.5347325802,11.8168911338
1714,13.8002228737,13.3344098926
1715,27.0,10.5202254653
1716,19.0,12.1538588405
1717,10.5202254653,12.8263816237
1718,12.1538588405,9.81207132339
1719,12.8263816237,15.3309041262
1720,9.81207132339,14.370315671
1721,15.3309041262,13.762384057
1722,19.0,10.399235487
1723,11.0,13.9157769084
1724,10.399235487,14.8628094792
1725,13.9157769084,15.908664465
1726,14.8628094792,16.0673582554
1727,15.908664465,15.7494074106
1728,16.0673582554,15.0271546841
1729,11.0,14.6663483977
1730,15.0,15.4114669561
1731,14.6663483977,13.3837723732
1732,15.4114669561,16.0149943829
1733,13.3837723732,13.6866778135
1734,16.0149943829,16.8278092146
1735,13.6866778135,16.9311010838
1736,15.0,12.8756582737
1737,21.0,13.9120709896
1738,12.8756582737,14.0615156293
1739,13.9120709896,15.5867403746
1740,14.0615156293,17.7010452747
1741,15.5867403746,18.5400170088
1742,17.7010452747,17.1685624123
1743,21.0,14.8140853643
1744,15.0,15.0857394934
1745,14.8140853643,17.2291660309
1746,15.0857394934,16.7029488087
1747,17.2291660309,16.0422635078
1748,16.7029488087,17.9591023922
1749,16.0422635078,16.4937329292
1750,15.0,13.6979073286
1751,25.0,15.2766823769
1752,13.6979073286,15.1404833794
1753,15.2766823769,18.0473470688
1754,15.1404833794,18.4428101778
1755,18.0473470688,17.9634296894
1756,18.4428101778,16.5270066261
1757,25.0,14.2105409503
1758,30.0,15.1441597939
1759,14.2105409503,18.3384293318
1760,15.1441597939,17.3171871901
1761,18.3384293318,17.053847909
1762,17.3171871901,18.262283206
1763,17.053847909,18.1156200171
1764,30.0,15.2171802521
1765,24.0,16.5754759312
1766,15.2171802521,17.2984707355
1767,16.5754759312,18.7086886168
1768,17.2984707355,19.5126861334
1769,18.7086886168,18.4883183241
1770,19.5126861334,19.5739746094
1771,24.0,17.3955255747
1772,15.0,18.2251811028
1773,17.3955255747,18.3549749851
1774,18.2251811028,17.9102540016
1775,18.3549749851,19.5155078173
1776,17.9102540016,19.1033184528
1777,19.5155078173,16.6738647223
1778,15.0,17.2161072493
1779,6.0,16.9671571255
1780,17.2161072493,20.7362240553
1781,16.9671571255,17.9537254572
1782,20.7362240553,20.0210630894
1783,17.9537254572,18.6210304499
1784,20.0210630894,17.2625362873
1785,6.0,17.0348578691
1786,10.0,20.0116288662
1787,17.0348578691,17.4245685339
1788,20.0116288662,16.9990682602
1789,17.4245685339,16.7641425133
1790,16.9990682602,20.4773300886
1791,16.7641425133,16.3220143318
1792,10.0,19.226102829
1793,13.0,19.188156724
1794,19.226102829,19.1571360826
1795,19.188156724,17.4055606127
1796,19.1571360826,17.0488911867
1797,17.4055606127,16.1879110336
1798,17.0488911867,15.799280405
1799,13.0,19.489633441
1800,5.0,21.2636804581
1801,19.489633441,17.7268302441
1802,21.2636804581,16.84694767
1803,17.7268302441,15.9850949049
1804,16.84694767,15.917134881
1805,15.9850949049,15.1457333565
1806,5.0,17.6838898659
1807,5.0,19.234469533
1808,17.6838898659,14.8166745901
1809,19.234469533,16.0844367743
1810,14.8166745901,16.0371655226
1811,16.0844367743,14.0431773663
1812,16.0371655226,13.6340743303
1813,5.0,16.3071066141
1814,20.0,13.7894618511
1815,16.3071066141,18.6833882332
1816,13.7894618511,13.677687943
1817,18.6833882332,17.8861516714
1818,13.677687943,13.3353486657
1819,17.8861516714,17.0535331964
1820,20.0,16.143527627
1821,14.0,16.552298069
1822,16.143527627,15.8553814888
1823,16.552298069,16.0315293074
1824,15.8553814888,15.384798646
1825,16.0315293074,12.9036748409
1826,15.384798646,16.1968231201
1827,14.0,15.3729611635
1828,9.0,13.5543251038
1829,15.3729611635,11.8922701478
1830,13.5543251038,12.6569366455
1831,11.8922701478,13.2692635059
1832,12.6569366455,14.7969603539
1833,13.2692635059,12.6173526049
1834,9.0,15.2330625057
1835,13.0,13.6809208989
1836,15.2330625057,12.444908917
1837,13.6809208989,15.9049862623
1838,12.444908917,13.7091511488
1839,15.9049862623,12.8516811132
1840,13.7091511488,13.4729862213
1841,13.0,13.3743998408
1842,19.0,14.5985984802
1843,13.3743998408,13.5598129034
1844,14.5985984802,12.0354124904
1845,13.5598129034,13.7320563197
1846,12.0354124904,12.4922713637
1847,13.7320563197,13.1384307146
1848,19.0,13.0489432812
1849,19.0,12.8249421716
1850,13.0489432812,12.7976211905
1851,12.8249421716,11.6216227412
1852,12.7976211905,13.8532626629
1853,11.6216227412,13.6559772491
1854,13.8532626629,13.2678374648
1855,19.0,13.2976394892
1856,15.0,16.5637564659
1857,13.2976394892,14.0267077088
1858,16.5637564659,11.9619888067
1859,14.0267077088,15.5644404888
1860,11.9619888067,12.5146248937
1861,15.5644404888,15.6204843521
1862,15.0,13.2256105542
1863,10.0,13.4457188845
1864,13.2256105542,12.8683501482
1865,13.4457188845,12.8774616122
1866,12.8683501482,13.7039458752
1867,12.8774616122,13.9674139023
1868,13.7039458752,13.2751947641
1869,10.0,12.8672218323
1870,12.0,12.3885244131
1871,12.8672218323,11.6617387533
1872,12.3885244131,12.33145684
1873,11.6617387533,13.8863611221
1874,12.33145684,14.6818220615
1875,13.8863611221,13.9359685779
1876,12.0,12.9588970542
1877,17.0,13.2345896959
1878,12.9588970542,13.4405127168
1879,13.2345896959,12.1181926131
1880,13.4405127168,13.0171385407
1881,12.1181926131,12.3432183266
1882,13.0171385407,12.676153779
1883,17.0,12.9637223482
1884,18.0,13.245293498
1885,12.9637223482,12.0071107149
1886,13.245293498,13.5245382786
1887,12.0071107149,15.1095503569
1888,13.5245382786,16.6179889441
1889,15.1095503569,14.0389242768
1890,18.0,12.8520137072
1891,7.0,14.5037975907
1892,12.8520137072,10.579995811
1893,14.5037975907,13.8133254647
1894,10.579995811,14.3310543895
1895,13.8133254647,16.0466533899
1896,14.3310543895,14.7835922241
1897,7.0,16.261703968
1898,8.0,14.1922178864
1899,16.261703968,15.024998188
1900,14.1922178864,15.5929452181
1901,15.024998188,13.5443356633
1902,15.5929452181,15.4120838642
1903,13.5443356633,10.8883586526
1904,8.0,13.9400410652
1905,17.0,13.349390924
1906,13.9400410652,13.8772675395
1907,13.349390924,13.0432927608
1908,13.8772675395,14.206418395
1909,13.0432927608,15.5389648676
1910,14.206418395,14.1906648874
1911,17.0,14.759940505
1912,18.0,13.4355989099
1913,14.759940505,12.5790891051
1914,13.4355989099,12.8444167972
1915,12.5790891051,14.694570601
1916,12.8444167972,12.6020398736
1917,14.694570601,13.3738142252
1918,18.0,13.9380097389
1919,17.0,14.2343240976
1920,13.9380097389,14.2066285014
1921,14.2343240976,13.0178430676
1922,14.2066285014,14.560353756
1923,13.0178430676,14.0121075511
1924,14.560353756,15.3644996881
1925,17.0,16.5289109945
1926,20.0,12.472667098
1927,16.5289109945,14.6849530935
1928,12.472667098,13.8813972473
1929,14.6849530935,13.7185245752
1930,13.8813972473,14.2814531922
1931,13.7185245752,13.8929378986
1932,20.0,14.0641102195
1933,23.0,14.0005999804
1934,14.0641102195,14.4824418426
1935,14.0005999804,15.0765144825
1936,14.4824418426,14.4348576665
1937,15.0765144825,16.0396528244
1938,14.4348576665,16.4809316397
1939,23.0,14.6943846345
1940,22.0,15.7699996233
1941,14.6943846345,15.5512368679
1942,15.7699996233,15.1412379742
1943,15.5512368679,14.5719212294
1944,15.1412379742,17.0458012819
1945,14.5719212294,15.4848003387
1946,22.0,15.2298617363
1947,33.0,15.5016392469
1948,15.2298617363,18.0472058058
1949,15.5016392469,17.9695683718
1950,18.0472058058,19.7856652737
1951,17.9695683718,20.6236356497
1952,19.7856652737,18.9088010788
1953,33.0,14.4795021415
1954,47.0,14.5489096642
1955,14.4795021415,17.0640206337
1956,14.5489096642,18.0702334642
1957,17.0640206337,18.4775447845
1958,18.0702334642,19.7177499533
1959,18.4775447845,18.8033652306
1960,47.0,15.2012497187
1961,29.0,18.4357273579
1962,15.2012497187,18.2155591249
1963,18.4357273579,20.6566947699
1964,18.2155591249,20.8566141129
1965,20.6566947699,20.7319307327
1966,20.8566141129,22.1279346943
1967,29.0,17.7626430988
1968,28.0,18.8451987505
1969,17.7626430988,20.9935069084
1970,18.8451987505,20.418035388
1971,20.9935069084,22.2166925669
1972,20.418035388,23.1962764263
1973,22.2166925669,21.3981020451
1974,28.0,20.4346293211
1975,11.0,19.7956198454
1976,20.4346293211,21.2490409613
1977,19.7956198454,18.7742525339
1978,21.2490409613,21.4849555492
1979,18.7742525339,22.8858464956
1980,21.4849555492,20.0223076344
1981,11.0,20.7751375437
1982,26.0,22.7662056684
1983,20.7751375437,20.9329748154
1984,22.7662056684,21.9055151939
1985,20.9329748154,22.0556902885
1986,21.9055151939,21.6434025764
1987,22.0556902885,21.6587644815
1988,26.0,21.3697832823
1989,16.0,19.7298681736
1990,21.3697832823,20.4456245899
1991,19.7298681736,21.8271106482
1992,20.4456245899,23.8664656878
1993,21.8271106482,22.1276021004
1994,23.8664656878,23.9517080784
1995,16.0,22.3568236828
1996,32.0,20.2982568741
1997,22.3568236828,22.7190810442
1998,20.2982568741,22.102253437
1999,22.7190810442,24.331188798
2000,22.102253437,24.819329381
2001,24.331188798,24.5553445816
2002,32.0,21.4902377129
2003,33.0,26.299366951
2004,21.4902377129,23.8769084215
2005,26.299366951,21.4814114571
2006,23.8769084215,22.0516437292
2007,21.4814114571,23.450499773
2008,22.0516437292,23.0909746885
2009,33.0,21.2941753864
2010,38.0,24.2020314932
2011,21.2941753864,26.3600903749
2012,24.2020314932,23.4668916464
2013,26.3600903749,27.4855130911
2014,23.4668916464,25.7238310575
2015,27.4855130911,23.5194289684
